1,P001.pdf,Leveraging Clus
0,P002.pdf,Virus Propagati
0,P003.pdf,Explainable Rei
1,P004.pdf,Graph Neural Ne
1,P005.pdf,Collaborative C
1,P006.pdf,High-Throughput
1,P007.pdf,Joint Syntacto-
1,P008.pdf,Optimized Trans
1,P009.pdf,Flexible Online
1,P010.pdf,Enhanced Reinfo
1,P011.pdf,Controlling Fal
1,P012.pdf,Harmonizing Sca
1,P013.pdf,Learning Explan
1,P014.pdf,Advancements in
1,P015.pdf,Overview of Cha
1,P016.pdf,A Bayesian Pers
1,P017.pdf,Detecting and S
1,P018.pdf,Enhancing Deep 
1,P019.pdf,Acquiring the A
0,P020.pdf,Deep Learning f
1,P021.pdf,A Vehicle Motio
0,P022.pdf,Enhancing Urban
1,P023.pdf,A Reverse Hiera
1,P024.pdf,Turning the Tab
1,P025.pdf,Scene Comprehen
0,P026.pdf,Exploring Bioac
1,P027.pdf,emoji2vec: Lear
1,P028.pdf,Do You See What
1,P029.pdf,OpenOmni: An Op
1,P030.pdf,BladeDISC++: En
1,P031.pdf,Explainable Ide
0,P032.pdf,Exploring the T
1,P033.pdf,AMR Parsing usi
1,P034.pdf,Enhanced Normal
0,P035.pdf,Game-Theoretic 
0,P036.pdf,Profound Impact
1,P037.pdf,A Chinese Span-
0,P038.pdf,Utilizing Graph
0,P039.pdf,RAG Optimizatio
1,P040.pdf,A 3D Convolutio
0,P041.pdf,Assessing Virtu
1,P042.pdf,DeepSim: A Sema
0,P043.pdf,Aerodynamic Nav
1,P044.pdf,A Comprehensive
1,P045.pdf,AM-RADIO: Agglo
1,P046.pdf,Symbiotic Adver
0,P047.pdf,Optimizing Syst
0,P048.pdf,Investigating t
1,P049.pdf,Improving Model
1,P050.pdf,Interpreting Re
1,P051.pdf,Real-Time Adapt
1,P052.pdf,Specialized Neu
0,P053.pdf,Microprocessor 
1,P054.pdf,3D Food Modelin
1,P055.pdf,Examining the I
0,P056.pdf,Deconstructing 
1,P057.pdf,A Collaborative
1,P058.pdf,Enhanced Vocabu
1,P059.pdf,Large Vocabular
1,P060.pdf,Background Mode
1,P061.pdf,Enhancing Visua
1,P062.pdf,Estimating Caus
1,P063.pdf,Representation 
1,P064.pdf,Flow-Based Feat
1,P065.pdf,Assessing the S
1,P066.pdf,Fast Vocabulary
1,P067.pdf,API with a Rich
1,P068.pdf,A Unique Approa
0,P069.pdf,BERT Pineapple 
0,P070.pdf,Investigating t
1,P071.pdf,The Significanc
1,P072.pdf,Evaluating the 
0,P073.pdf,Exploring Soil 
1,P074.pdf,Agriculture-Vis
1,P075.pdf,Equivariant Ada
1,P076.pdf,Sustainable Urb
0,P077.pdf,Investigating t
1,P078.pdf,Harnessing Astr
1,P079.pdf,OmniPrint: A Co
1,P080.pdf,Usefulness of L
0,P081.pdf,Applying Swarm 
1,P082.pdf,A PyTorch-Based
1,P083.pdf,Disparate Citat
1,P084.pdf,An Empirical St
1,P085.pdf,Privacy Evaluat
0,P086.pdf,Fossilized Intr
1,P087.pdf,Subspace Constr
1,P088.pdf,Analyzing Group
1,P089.pdf,Precise Require
1,P090.pdf,Equivariant Fin
1,P091.pdf,An Investigatio
1,P092.pdf,Enhanced Image 
1,P093.pdf,Premature Termi
0,P094.pdf,Exploring the I
1,P095.pdf,JueWu-MC: Achie
0,P096.pdf,Volcanic Erupti
0,P097.pdf,Waves in Relati
1,P098.pdf,Blockchain-Base
1,P099.pdf,Enhancing LSTM-
0,P100.pdf,Engine Performa
1,P101.pdf,A Convolutional
1,P102.pdf,A Large-Scale C
1,P103.pdf,Equivariant Ada
1,P104.pdf,Enhancing Self-
0,P105.pdf,Unraveling the 
1,P106.pdf,Next-Generation
1,P107.pdf,Neural Approach
1,P108.pdf,Progress Toward
1,P109.pdf,Multimodal Deep
1,P110.pdf,LIDA: Lightweig
1,P111.pdf,Leveraging Deep
1,P112.pdf,Learning Genomi
1,P113.pdf,Multi-Agent Sys
1,P114.pdf,An Empathetic A
1,P115.pdf,An Examination 
1,P116.pdf,Improving Rando
1,P117.pdf,Rapid Image Ann
1,P118.pdf,Distant Supervi
0,P119.pdf,Entropy Dynamic
1,P120.pdf,A Toolkit for S
1,P121.pdf,GPT4Tools: Reim
1,P122.pdf,hort-Term Fore
1,P123.pdf,Acquiring Cross
0,P124.pdf,Predictive Main
1,P125.pdf,DISCOSENSE: Com
1,P126.pdf,Designing Data 
1,P127.pdf,Examining Machi
1,P128.pdf,End-to-End Neur
0,P129.pdf,Xray Emissions 
1,P130.pdf,Investigating H
1,P131.pdf,Enhancing Disen
0,P132.pdf,Analyzing Ferme
1,P133.pdf,Discontinuous C
0,P134.pdf,Unraveling the 
1,P135.pdf,A Decentralized

